Citation/Document Number,Type,Relation
"US12358984","Patent","Study Patent"
"WO19160755","Patent","Family Member"
"WO2019160755","Patent","Family Member"
"WO19160751","Patent","Family Member"
"WO2019160751","Patent","Family Member"
"US2024026003","Patent","Family Member"
"US2021047409","Patent","Family Member"
"US2021047408","Patent","Family Member"
"US12358984","Patent","Family Member"
"SG11202007590T","Patent","Family Member"
"RU2846266","Patent","Family Member"
"RU2825835","Patent","Family Member"
"RU2020129827","Patent","Family Member"
"RU2020129075","Patent","Family Member"
"MX423581","Patent","Family Member"
"MX422631","Patent","Family Member"
"MX2024013016","Patent","Family Member"
"MX2020008446","Patent","Family Member"
"MX2020008445","Patent","Family Member"
"MA52789","Patent","Family Member"
"MA51844","Patent","Family Member"
"KR20200119845","Patent","Family Member"
"KR20200119844","Patent","Family Member"
"JP2024038251","Patent","Family Member"
"JP2024038250","Patent","Family Member"
"JP2021513541","Patent","Family Member"
"JP2021513540","Patent","Family Member"
"IL276303","Patent","Family Member"
"HK40034729","Patent","Family Member"
"EP3752193","Patent","Family Member"
"EP3752180","Patent","Family Member"
"CN120919306","Patent","Family Member"
"CN119792515","Patent","Family Member"
"CN111727056","Patent","Family Member"
"CN111712255","Patent","Family Member"
"CL2020002075","Patent","Family Member"
"CA3307689","Patent","Family Member"
"CA3090996","Patent","Family Member"
"CA3090995","Patent","Family Member"
"BR112020016331","Patent","Family Member"
"BR112020015915","Patent","Family Member"
"AU2026201041","Patent","Family Member"
"AU2023208115","Patent","Family Member"
"AU2019222517","Patent","Family Member"
"AU2019220495","Patent","Family Member"
"JP2017530950","Patent","Citation"
"MX2019002946","Patent","Citation"
"MX2019008207","Patent","Citation"
"US2016022814","Patent","Citation"
"US2017313775","Patent","Citation"
"US2020109204","Patent","Citation"
"US9220776","Patent","Citation"
"WO08156712","Patent","Citation"
"WO2008156712","Patent","Citation"
"WO12135408","Patent","Citation"
"WO2012135408","Patent","Citation"
"WO14100079","Patent","Citation"
"WO2014100079","Patent","Citation"
"WO15095423","Patent","Citation"
"WO2015095423","Patent","Citation"
"WO16032927","Patent","Citation"
"WO2016032927","Patent","Citation"
"WO16137850","Patent","Citation"
"WO2016137850","Patent","Citation"
"WO16176504","Patent","Citation"
"WO2016176504","Patent","Citation"
"WO16196389","Patent","Citation"
"WO2016196389","Patent","Citation"
"WO17106656","Patent","Citation"
"WO2017106656","Patent","Citation"
"WO17127811","Patent","Citation"
"WO2017127811","Patent","Citation"
"WO17151502","Patent","Citation"
"WO2017151502","Patent","Citation"
"WO17165125","Patent","Citation"
"WO2017165125","Patent","Citation"
"WO17197263","Patent","Citation"
"WO2017197263","Patent","Citation"
"WO17205216","Patent","Citation"
"WO2017205216","Patent","Citation"
"WO17210624","Patent","Citation"
"WO2017210624","Patent","Citation"
"WO18053106","Patent","Citation"
"WO2018053106","Patent","Citation"
"WO18129559","Patent","Citation"
"WO2018129559","Patent","Citation"
"EP3185866","Patent","Citation Family Member"
"JP2020117524","Patent","Citation Family Member"
"CA2955676","Patent","Citation Family Member"
"US2017274074","Patent","Citation Family Member"
"US10695426","Patent","Citation Family Member"
"KR20190045938","Patent","Citation Family Member"
"CN109789205","Patent","Citation Family Member"
"IN201917008537","Patent","Citation Family Member"
"DOP2019000056","Patent","Citation Family Member"
"ID201905150","Patent","Citation Family Member"
"CR20190199","Patent","Citation Family Member"
"PH2019500540","Patent","Citation Family Member"
"RU2019110835","Patent","Citation Family Member"
"ECSP19026178","Patent","Citation Family Member"
"ZA201902265","Patent","Citation Family Member"
"KR20230114331","Patent","Citation Family Member"
"MY192158","Patent","Citation Family Member"
"NZ751202","Patent","Citation Family Member"
"IL265179","Patent","Citation Family Member"
"CL2019000628","Patent","Citation Family Member"
"EP3512547","Patent","Citation Family Member"
"PE20191102","Patent","Citation Family Member"
"SG10201914120X","Patent","Citation Family Member"
"CL2019003627","Patent","Citation Family Member"
"HK40004716","Patent","Citation Family Member"
"EP3778643","Patent","Citation Family Member"
"HK40046393","Patent","Citation Family Member"
"CO20190003154","Patent","Citation Family Member"
"BR112019004998","Patent","Citation Family Member"
"US2018072810","Patent","Citation Family Member"
"US2018148513","Patent","Citation Family Member"
"AU2017326329","Patent","Citation Family Member"
"CA3035932","Patent","Citation Family Member"
"US2020040098","Patent","Citation Family Member"
"US2020317808","Patent","Citation Family Member"
"IL306104","Patent","Citation Family Member"
"MX399270","Patent","Citation Family Member"
"IN486736","Patent","Citation Family Member"
"VN10040574","Patent","Citation Family Member"
"RS61204","Patent","Citation Family Member"
"KR102561356","Patent","Citation Family Member"
"JP7079773","Patent","Citation Family Member"
"US9914783","Patent","Citation Family Member"
"US10730953","Patent","Citation Family Member"
"RU2752562","Patent","Citation Family Member"
"UA124631","Patent","Citation Family Member"
"DE602017027438","Patent","Citation Family Member"
"LT3512547","Patent","Citation Family Member"
"PT3512547","Patent","Citation Family Member"
"SMT202000691","Patent","Citation Family Member"
"HR20201993","Patent","Citation Family Member"
"SI3512547","Patent","Citation Family Member"
"MK11327","Patent","Citation Family Member"
"CY1123642","Patent","Citation Family Member"
"JP2019533989","Patent","Citation Family Member"
"HU051700","Patent","Citation Family Member"
"DK3512547","Patent","Citation Family Member"
"PL3512547","Patent","Citation Family Member"
"ES2837755","Patent","Citation Family Member"
"TW201831200","Patent","Citation Family Member"
"IN201917032456","Patent","Citation Family Member"
"KR20190114996","Patent","Citation Family Member"
"CN110382545","Patent","Citation Family Member"
"MA47208","Patent","Citation Family Member"
"ZA201904316","Patent","Citation Family Member"
"IL267804","Patent","Citation Family Member"
"SG11201906192S","Patent","Citation Family Member"
"EP3565844","Patent","Citation Family Member"
"EA201991336","Patent","Citation Family Member"
"SG10201913075R","Patent","Citation Family Member"
"HK40016035","Patent","Citation Family Member"
"BR112019014187","Patent","Citation Family Member"
"JP2022082809","Patent","Citation Family Member"
"EP4219563","Patent","Citation Family Member"
"AU2018206481","Patent","Citation Family Member"
"CA3049440","Patent","Citation Family Member"
"US2020239574","Patent","Citation Family Member"
"US2023111418","Patent","Citation Family Member"
"AU2025200639","Patent","Citation Family Member"
"US2026193352","Patent","Citation Family Member"
"TWI767976","Patent","Citation Family Member"
"MX404639","Patent","Citation Family Member"
"KR102606252","Patent","Citation Family Member"
"JP7110206","Patent","Citation Family Member"
"US11407830","Patent","Citation Family Member"
"US12415855","Patent","Citation Family Member"
"DE602018046637","Patent","Citation Family Member"
"PT3565844","Patent","Citation Family Member"
"JP2020504141","Patent","Citation Family Member"
"HU061842","Patent","Citation Family Member"
"DK3565844","Patent","Citation Family Member"
"PL3565844","Patent","Citation Family Member"
"ES2945745","Patent","Citation Family Member"
"FI3565844","Patent","Citation Family Member"
"MA40061","Patent","Citation Family Member"
"MA40344","Patent","Citation Family Member"
"IN201717003787","Patent","Citation Family Member"
"KR20170052569","Patent","Citation Family Member"
"CN106794235","Patent","Citation Family Member"
"IN201747005322","Patent","Citation Family Member"
"KR20170063505","Patent","Citation Family Member"
"CN106999561","Patent","Citation Family Member"
"CN114984228","Patent","Citation Family Member"
"IL250187","Patent","Citation Family Member"
"IL249671","Patent","Citation Family Member"
"MX2017000836","Patent","Citation Family Member"
"MX2017000857","Patent","Citation Family Member"
"WO16011357","Patent","Citation Family Member"
"WO2016011357","Patent","Citation Family Member"
"WO16011362","Patent","Citation Family Member"
"WO2016011362","Patent","Citation Family Member"
"EP3169355","Patent","Citation Family Member"
"SG11201701149S","Patent","Citation Family Member"
"SG11201700090R","Patent","Citation Family Member"
"EP3193921","Patent","Citation Family Member"
"HK1238148","Patent","Citation Family Member"
"HK1241280","Patent","Citation Family Member"
"SG10201913696Y","Patent","Citation Family Member"
"HK40081217","Patent","Citation Family Member"
"AU2015289449","Patent","Citation Family Member"
"CA2955612","Patent","Citation Family Member"
"CA2955432","Patent","Citation Family Member"
"AU2015289533","Patent","Citation Family Member"
"US2018064765","Patent","Citation Family Member"
"US2018185483","Patent","Citation Family Member"
"US9907849","Patent","Citation Family Member"
"JP2017522322","Patent","Citation Family Member"
"KR20170080697","Patent","Citation Family Member"
"CN106999582","Patent","Citation Family Member"
"KR20190135563","Patent","Citation Family Member"
"KR20210069124","Patent","Citation Family Member"
"CN113694193","Patent","Citation Family Member"
"KR20220054710","Patent","Citation Family Member"
"KR20230030022","Patent","Citation Family Member"
"WO16077553","Patent","Citation Family Member"
"WO2016077553","Patent","Citation Family Member"
"SG11201703541P","Patent","Citation Family Member"
"EP3218004","Patent","Citation Family Member"
"SG10201914022Q","Patent","Citation Family Member"
"EP3888679","Patent","Citation Family Member"
"HK40061534","Patent","Citation Family Member"
"EP4098278","Patent","Citation Family Member"
"JP2019142881","Patent","Citation Family Member"
"JP2021095410","Patent","Citation Family Member"
"JP2023053140","Patent","Citation Family Member"
"JP2025065337","Patent","Citation Family Member"
"AU2015346295","Patent","Citation Family Member"
"CA2966660","Patent","Citation Family Member"
"US2017267760","Patent","Citation Family Member"
"US2019023787","Patent","Citation Family Member"
"AU2019201671","Patent","Citation Family Member"
"US2021107978","Patent","Citation Family Member"
"AU2021202086","Patent","Citation Family Member"
"US2021130463","Patent","Citation Family Member"
"US2021155693","Patent","Citation Family Member"
"US2021324077","Patent","Citation Family Member"
"US2021324078","Patent","Citation Family Member"
"US2021395365","Patent","Citation Family Member"
"US2022056129","Patent","Citation Family Member"
"US2022259312","Patent","Citation Family Member"
"US2022275086","Patent","Citation Family Member"
"US2023026716","Patent","Citation Family Member"
"US2023365677","Patent","Citation Family Member"
"US10934356","Patent","Citation Family Member"
"US11325974","Patent","Citation Family Member"
"US11325975","Patent","Citation Family Member"
"US11339219","Patent","Citation Family Member"
"US11591393","Patent","Citation Family Member"
"US11629187","Patent","Citation Family Member"
"US11634491","Patent","Citation Family Member"
"US11643462","Patent","Citation Family Member"
"US11649287","Patent","Citation Family Member"
"US11718668","Patent","Citation Family Member"
"US11753468","Patent","Citation Family Member"
"JP2017537087","Patent","Citation Family Member"
"CN110678483","Patent","Citation Family Member"
"KR20200014363","Patent","Citation Family Member"
"CN117462668","Patent","Citation Family Member"
"KR20240149982","Patent","Citation Family Member"
"WO18223040","Patent","Citation Family Member"
"WO2018223040","Patent","Citation Family Member"
"EP3630840","Patent","Citation Family Member"
"JP2023159179","Patent","Citation Family Member"
"JP2026053613","Patent","Citation Family Member"
"US2023279114","Patent","Citation Family Member"
"US2025145713","Patent","Citation Family Member"
"KR102714702","Patent","Citation Family Member"
"JP7780857","Patent","Citation Family Member"
"US11566073","Patent","Citation Family Member"
"US12227576","Patent","Citation Family Member"
"JP2020522508","Patent","Citation Family Member"
"KR20100054780","Patent","Citation Family Member"
"ZA201000135","Patent","Citation Family Member"
"CN102131828","Patent","Citation Family Member"
"NZ582150","Patent","Citation Family Member"
"NZ600758","Patent","Citation Family Member"
"KR20140133954","Patent","Citation Family Member"
"KR20150055114","Patent","Citation Family Member"
"CN104945508","Patent","Citation Family Member"
"PH2015501524","Patent","Citation Family Member"
"IN201748044868","Patent","Citation Family Member"
"IL225530","Patent","Citation Family Member"
"IL202813","Patent","Citation Family Member"
"HK1179986","Patent","Citation Family Member"
"MX2009014199","Patent","Citation Family Member"
"EP2170959","Patent","Citation Family Member"
"EP2535354","Patent","Citation Family Member"
"HK1140497","Patent","Citation Family Member"
"EP3222634","Patent","Citation Family Member"
"HK1236209","Patent","Citation Family Member"
"JP2012254092","Patent","Citation Family Member"
"BRPI0812913","Patent","Citation Family Member"
"US2016304606","Patent","Citation Family Member"
"CA2855098","Patent","Citation Family Member"
"CA2691357","Patent","Citation Family Member"
"AU2008266951","Patent","Citation Family Member"
"US2010266617","Patent","Citation Family Member"
"US2013108651","Patent","Citation Family Member"
"US2013109843","Patent","Citation Family Member"
"AU2014201367","Patent","Citation Family Member"
"US2015232555","Patent","Citation Family Member"
"US2018111996","Patent","Citation Family Member"
"US2021403560","Patent","Citation Family Member"
"ME02093","Patent","Citation Family Member"
"MX304545","Patent","Citation Family Member"
"RS53072","Patent","Citation Family Member"
"IN292137","Patent","Citation Family Member"
"KR101562580","Patent","Citation Family Member"
"KR101586617","Patent","Citation Family Member"
"BR122017025062","Patent","Citation Family Member"
"JP5191537","Patent","Citation Family Member"
"JP5640052","Patent","Citation Family Member"
"US8354509","Patent","Citation Family Member"
"US8900587","Patent","Citation Family Member"
"US8952136","Patent","Citation Family Member"
"US9834605","Patent","Citation Family Member"
"US11117961","Patent","Citation Family Member"
"DE602008027905","Patent","Citation Family Member"
"DE602008048425","Patent","Citation Family Member"
"NO2015028","Patent","Citation Family Member"
"NL300788","Patent","Citation Family Member"
"CY2015058","Patent","Citation Family Member"
"HU1500071","Patent","Citation Family Member"
"LT2016001","Patent","Citation Family Member"
"NO2022040","Patent","Citation Family Member"
"LU92936","Patent","Citation Family Member"
"LT2170959","Patent","Citation Family Member"
"PT2170959","Patent","Citation Family Member"
"HR20131167","Patent","Citation Family Member"
"SI2170959","Patent","Citation Family Member"
"CY1114849","Patent","Citation Family Member"
"JP2010530753","Patent","Citation Family Member"
"DK2170959","Patent","Citation Family Member"
"PL2170959","Patent","Citation Family Member"
"ES2437327","Patent","Citation Family Member"
"ES2616355","Patent","Citation Family Member"
"TR201703802","Patent","Citation Family Member"
"CN103429264","Patent","Citation Family Member"
"KR20140026434","Patent","Citation Family Member"
"RU2013148537","Patent","Citation Family Member"
"RU2015123476","Patent","Citation Family Member"
"CN107854439","Patent","Citation Family Member"
"KR20190116563","Patent","Citation Family Member"
"KR20210008149","Patent","Citation Family Member"
"KR20210101336","Patent","Citation Family Member"
"MX2013011246","Patent","Citation Family Member"
"EP2691112","Patent","Citation Family Member"
"EP3398612","Patent","Citation Family Member"
"HK1256245","Patent","Citation Family Member"
"EP4729071","Patent","Citation Family Member"
"AU2012236479","Patent","Citation Family Member"
"CA2830806","Patent","Citation Family Member"
"US2014234296","Patent","Citation Family Member"
"MX341076","Patent","Citation Family Member"
"RS57492","Patent","Citation Family Member"
"KR102031020","Patent","Citation Family Member"
"KR102289394","Patent","Citation Family Member"
"KR102614259","Patent","Citation Family Member"
"JP6014116","Patent","Citation Family Member"
"RU2563346","Patent","Citation Family Member"
"RU2633509","Patent","Citation Family Member"
"DE602012046639","Patent","Citation Family Member"
"LT2691112","Patent","Citation Family Member"
"PT2691112","Patent","Citation Family Member"
"HR20181139","Patent","Citation Family Member"
"SI2691112","Patent","Citation Family Member"
"CY1120359","Patent","Citation Family Member"
"JP2014515017","Patent","Citation Family Member"
"HU039209","Patent","Citation Family Member"
"ES2676205","Patent","Citation Family Member"
"DK2691112","Patent","Citation Family Member"
"PL2691112","Patent","Citation Family Member"
"TR201810298","Patent","Citation Family Member"
"TW201429990","Patent","Citation Family Member"
"KR20150097670","Patent","Citation Family Member"
"CN105579471","Patent","Citation Family Member"
"RU2015129813","Patent","Citation Family Member"
"GC11133","Patent","Citation Family Member"
"IN202048041338","Patent","Citation Family Member"
"CN113321731","Patent","Citation Family Member"
"EP2935329","Patent","Citation Family Member"
"MX2015008045","Patent","Citation Family Member"
"HK1210785","Patent","Citation Family Member"
"EP3783030","Patent","Citation Family Member"
"HK40039049","Patent","Citation Family Member"
"BR112015014833","Patent","Citation Family Member"
"JP2019193665","Patent","Citation Family Member"
"JP2021097705","Patent","Citation Family Member"
"JP2023071948","Patent","Citation Family Member"
"AU2013361617","Patent","Citation Family Member"
"CA2895191","Patent","Citation Family Member"
"US2015355184","Patent","Citation Family Member"
"AR093984","Patent","Citation Family Member"
"AR134583","Patent","Citation Family Member"
"MX361502","Patent","Citation Family Member"
"TWI655209","Patent","Citation Family Member"
"IN377708","Patent","Citation Family Member"
"IN565884","Patent","Citation Family Member"
"KR101780877","Patent","Citation Family Member"
"RS61083","Patent","Citation Family Member"
"JP6586014","Patent","Citation Family Member"
"JP6854322","Patent","Citation Family Member"
"US9709568","Patent","Citation Family Member"
"RU2689953","Patent","Citation Family Member"
"DE602013072625","Patent","Citation Family Member"
"LT2935329","Patent","Citation Family Member"
"PT2935329","Patent","Citation Family Member"
"HR20201856","Patent","Citation Family Member"
"MK11742","Patent","Citation Family Member"
"SI2935329","Patent","Citation Family Member"
"CY1123708","Patent","Citation Family Member"
"JP2016504336","Patent","Citation Family Member"
"HU052134","Patent","Citation Family Member"
"DK2935329","Patent","Citation Family Member"
"PL2935329","Patent","Citation Family Member"
"ES2833046","Patent","Citation Family Member"
"KR20160089524","Patent","Citation Family Member"
"KR20160089531","Patent","Citation Family Member"
"KR20160089532","Patent","Citation Family Member"
"CN105828837","Patent","Citation Family Member"
"KR20160099092","Patent","Citation Family Member"
"CN105899535","Patent","Citation Family Member"
"CN105934253","Patent","Citation Family Member"
"CN106102774","Patent","Citation Family Member"
"CN106999583","Patent","Citation Family Member"
"KR20170096112","Patent","Citation Family Member"
"RU2016128711","Patent","Citation Family Member"
"RU2016126662","Patent","Citation Family Member"
"RU2016128894","Patent","Citation Family Member"
"RU2016128726","Patent","Citation Family Member"
"RU2017121096","Patent","Citation Family Member"
"CN112353943","Patent","Citation Family Member"
"KR20220136459","Patent","Citation Family Member"
"NZ720515","Patent","Citation Family Member"
"NZ760065","Patent","Citation Family Member"
"MY189089","Patent","Citation Family Member"
"ZA201603753","Patent","Citation Family Member"
"KR20240017102","Patent","Citation Family Member"
"KR20250024856","Patent","Citation Family Member"
"IL246251","Patent","Citation Family Member"
"IL246183","Patent","Citation Family Member"
"IL252251","Patent","Citation Family Member"
"IL246228","Patent","Citation Family Member"
"IL245857","Patent","Citation Family Member"
"WO15095410","Patent","Citation Family Member"
"WO2015095410","Patent","Citation Family Member"
"WO15095418","Patent","Citation Family Member"
"WO2015095418","Patent","Citation Family Member"
"WO16081384","Patent","Citation Family Member"
"WO2016081384","Patent","Citation Family Member"
"EP3083690","Patent","Citation Family Member"
"EP3083692","Patent","Citation Family Member"
"MX2016007965","Patent","Citation Family Member"
"MX2016007887","Patent","Citation Family Member"
"MX2016007972","Patent","Citation Family Member"
"MX2016007885","Patent","Citation Family Member"
"SG11201604875P","Patent","Citation Family Member"
"SG11201604956S","Patent","Citation Family Member"
"SG11201604979W","Patent","Citation Family Member"
"SG11201604995Y","Patent","Citation Family Member"
"SG11201703605Q","Patent","Citation Family Member"
"EP3221360","Patent","Citation Family Member"
"MX2017006320","Patent","Citation Family Member"
"HK1225634","Patent","Citation Family Member"
"HK1226951","Patent","Citation Family Member"
"HK1228409","Patent","Citation Family Member"
"HK1230525","Patent","Citation Family Member"
"HK1241729","Patent","Citation Family Member"
"SG10201807625P","Patent","Citation Family Member"
"SG10201808519V","Patent","Citation Family Member"
"EP3527587","Patent","Citation Family Member"
"EP3647324","Patent","Citation Family Member"
"SG10202002334P","Patent","Citation Family Member"
"EP3680254","Patent","Citation Family Member"
"HK40045341","Patent","Citation Family Member"
"MX2021013520","Patent","Citation Family Member"
"WO15095404","Patent","Citation Family Member"
"WO2015095404","Patent","Citation Family Member"
"EP3083686","Patent","Citation Family Member"
"EP3083687","Patent","Citation Family Member"
"BR112016013741","Patent","Citation Family Member"
"BR112016013963","Patent","Citation Family Member"
"BR112016013969","Patent","Citation Family Member"
"BR112016013896","Patent","Citation Family Member"
"BR112017010198","Patent","Citation Family Member"
"JP2019142900","Patent","Citation Family Member"
"JP2020111580","Patent","Citation Family Member"
"JP2022061996","Patent","Citation Family Member"
"JP2025020147","Patent","Citation Family Member"
"US2015190506","Patent","Citation Family Member"
"US2015210772","Patent","Citation Family Member"
"AU2014364587","Patent","Citation Family Member"
"US2016166685","Patent","Citation Family Member"
"CA2931812","Patent","Citation Family Member"
"AU2014364593","Patent","Citation Family Member"
"AU2014364601","Patent","Citation Family Member"
"AU2014364606","Patent","Citation Family Member"
"CA2934028","Patent","Citation Family Member"
"CA2933881","Patent","Citation Family Member"
"CA2933883","Patent","Citation Family Member"
"US2016257752","Patent","Citation Family Member"
"US2017008971","Patent","Citation Family Member"
"AR102680","Patent","Citation Family Member"
"AU2015350242","Patent","Citation Family Member"
"US2017290913","Patent","Citation Family Member"
"CA2967368","Patent","Citation Family Member"
"US2018171025","Patent","Citation Family Member"
"US2018303936","Patent","Citation Family Member"
"US2020131276","Patent","Citation Family Member"
"AU2020233642","Patent","Citation Family Member"
"US2020392249","Patent","Citation Family Member"
"US2021189004","Patent","Citation Family Member"
"US2022002437","Patent","Citation Family Member"
"US2022306766","Patent","Citation Family Member"
"IL296657","Patent","Citation Family Member"
"US2023203194","Patent","Citation Family Member"
"US2024076404","Patent","Citation Family Member"
"US2024309111","Patent","Citation Family Member"
"US2025084185","Patent","Citation Family Member"
"US2025154282","Patent","Citation Family Member"
"US2026028419","Patent","Citation Family Member"
"CA3253508","Patent","Citation Family Member"
"MX389667","Patent","Citation Family Member"
"RS59659","Patent","Citation Family Member"
"KR102447878","Patent","Citation Family Member"
"KR102630750","Patent","Citation Family Member"
"JP6841656","Patent","Citation Family Member"
"JP7645204","Patent","Citation Family Member"
"US10570213","Patent","Citation Family Member"
"RU2719487","Patent","Citation Family Member"
"DE602014061314","Patent","Citation Family Member"
"DE602014055686","Patent","Citation Family Member"
"LT3083686","Patent","Citation Family Member"
"PT3083686","Patent","Citation Family Member"
"HR20192288","Patent","Citation Family Member"
"SI3083686","Patent","Citation Family Member"
"JP2017501155","Patent","Citation Family Member"
"JP2017501157","Patent","Citation Family Member"
"JP2017501167","Patent","Citation Family Member"
"JP2017507900","Patent","Citation Family Member"
"JP2017537090","Patent","Citation Family Member"
"HU047699","Patent","Citation Family Member"
"DK3083686","Patent","Citation Family Member"
"PL3083686","Patent","Citation Family Member"
"ES2763429","Patent","Citation Family Member"
"TR201918280","Patent","Citation Family Member"
"FI3083686","Patent","Citation Family Member"
"TW201639886","Patent","Citation Family Member"
"IN201747022885","Patent","Citation Family Member"
"CN107249624","Patent","Citation Family Member"
"KR20170120155","Patent","Citation Family Member"
"RU2017133449","Patent","Citation Family Member"
"MX2017011003","Patent","Citation Family Member"
"EP3261663","Patent","Citation Family Member"
"BR112017016434","Patent","Citation Family Member"
"AR103726","Patent","Citation Family Member"
"AU2016223047","Patent","Citation Family Member"
"CA2975623","Patent","Citation Family Member"
"US2018237524","Patent","Citation Family Member"
"AU2022200142","Patent","Citation Family Member"
"TWI714552","Patent","Citation Family Member"
"MX391190","Patent","Citation Family Member"
"KR102622285","Patent","Citation Family Member"
"JP6999419","Patent","Citation Family Member"
"US11014986","Patent","Citation Family Member"
"JP2018510142","Patent","Citation Family Member"
"KR20170140316","Patent","Citation Family Member"
"KR20250107941","Patent","Citation Family Member"
"EP3288980","Patent","Citation Family Member"
"JP2021105001","Patent","Citation Family Member"
"JP2024063028","Patent","Citation Family Member"
"US2016362489","Patent","Citation Family Member"
"US2020010549","Patent","Citation Family Member"
"US2022281974","Patent","Citation Family Member"
"US12617850","Patent","Citation Family Member"
"DE602016053979","Patent","Citation Family Member"
"JP2018515474","Patent","Citation Family Member"
"ES2861352","Patent","Citation Family Member"
"US2018162942","Patent","Citation Family Member"
"US2022002413","Patent","Citation Family Member"
"US2025145712","Patent","Citation Family Member"
"US11078278","Patent","Citation Family Member"
"US12152075","Patent","Citation Family Member"
"KR20180030911","Patent","Citation Family Member"
"CN108235685","Patent","Citation Family Member"
"KR20180088907","Patent","Citation Family Member"
"PH2018500097","Patent","Citation Family Member"
"KR20180094977","Patent","Citation Family Member"
"CN108495651","Patent","Citation Family Member"
"CN108697794","Patent","Citation Family Member"
"IN201817026560","Patent","Citation Family Member"
"ID201812436","Patent","Citation Family Member"
"PH2018501206","Patent","Citation Family Member"
"RU2018105846","Patent","Citation Family Member"
"RU2018125603","Patent","Citation Family Member"
"RU2018125773","Patent","Citation Family Member"
"IL259729","Patent","Citation Family Member"
"IL256775","Patent","Citation Family Member"
"IL259987","Patent","Citation Family Member"
"WO17017624","Patent","Citation Family Member"
"WO2017017624","Patent","Citation Family Member"
"EP3328407","Patent","Citation Family Member"
"CL2018000223","Patent","Citation Family Member"
"CL2018001560","Patent","Citation Family Member"
"MX2018001268","Patent","Citation Family Member"
"HK1247850","Patent","Citation Family Member"
"EP3389712","Patent","Citation Family Member"
"MX2018007423","Patent","Citation Family Member"
"HK1254635","Patent","Citation Family Member"
"HK1262462","Patent","Citation Family Member"
"WO17106810","Patent","Citation Family Member"
"WO2017106810","Patent","Citation Family Member"
"BR112018001640","Patent","Citation Family Member"
"EP3389713","Patent","Citation Family Member"
"BR112018012138","Patent","Citation Family Member"
"JP2020143149","Patent","Citation Family Member"
"JP2022180567","Patent","Citation Family Member"
"EP4424322","Patent","Citation Family Member"
"JP2024174916","Patent","Citation Family Member"
"AU2016298823","Patent","Citation Family Member"
"CA2993908","Patent","Citation Family Member"
"AU2016369623","Patent","Citation Family Member"
"AU2016369537","Patent","Citation Family Member"
"CA3007421","Patent","Citation Family Member"
"US2018177872","Patent","Citation Family Member"
"CA3007671","Patent","Citation Family Member"
"US2018371093","Patent","Citation Family Member"
"AU2020201057","Patent","Citation Family Member"
"US2020261573","Patent","Citation Family Member"
"US2021121563","Patent","Citation Family Member"
"MX419991","Patent","Citation Family Member"
"KR102833068","Patent","Citation Family Member"
"JP7569166","Patent","Citation Family Member"
"JP7858002","Patent","Citation Family Member"
"US12630633","Patent","Citation Family Member"
"RU2788092","Patent","Citation Family Member"
"DE602016086872","Patent","Citation Family Member"
"JP2018523652","Patent","Citation Family Member"
"JP2019502695","Patent","Citation Family Member"
"JP2019503349","Patent","Citation Family Member"
"ES2986067","Patent","Citation Family Member"
"TR2024008569","Patent","Citation Family Member"
"CN108883091","Patent","Citation Family Member"
"CN108883132","Patent","Citation Family Member"
"CN109069426","Patent","Citation Family Member"
"CN109069486","Patent","Citation Family Member"
"CN118948848","Patent","Citation Family Member"
"WO17106332","Patent","Citation Family Member"
"WO2017106332","Patent","Citation Family Member"
"WO17106328","Patent","Citation Family Member"
"WO2017106328","Patent","Citation Family Member"
"WO17112894","Patent","Citation Family Member"
"WO2017112894","Patent","Citation Family Member"
"EP3389634","Patent","Citation Family Member"
"EP3389652","Patent","Citation Family Member"
"EP3393468","Patent","Citation Family Member"
"EP3405203","Patent","Citation Family Member"
"HK1262619","Patent","Citation Family Member"
"HK1262818","Patent","Citation Family Member"
"HK1262621","Patent","Citation Family Member"
"JP2021178870","Patent","Citation Family Member"
"JP2021181501","Patent","Citation Family Member"
"JP2022082565","Patent","Citation Family Member"
"CA3008279","Patent","Citation Family Member"
"CA3008272","Patent","Citation Family Member"
"CA3009176","Patent","Citation Family Member"
"CA3010617","Patent","Citation Family Member"
"US2018369229","Patent","Citation Family Member"
"US2018369167","Patent","Citation Family Member"
"US2019030023","Patent","Citation Family Member"
"US2019083485","Patent","Citation Family Member"
"US2020268739","Patent","Citation Family Member"
"US2022257586","Patent","Citation Family Member"
"US2025152575","Patent","Citation Family Member"
"JP6864296","Patent","Citation Family Member"
"JP6958820","Patent","Citation Family Member"
"JP7055380","Patent","Citation Family Member"
"JP7454255","Patent","Citation Family Member"
"US10610527","Patent","Citation Family Member"
"US10953003","Patent","Citation Family Member"
"US11219621","Patent","Citation Family Member"
"US11357742","Patent","Citation Family Member"
"DE602016064747","Patent","Citation Family Member"
"DE602016075354","Patent","Citation Family Member"
"DE602016075076","Patent","Citation Family Member"
"PT3393468","Patent","Citation Family Member"
"SI3393468","Patent","Citation Family Member"
"JP2018537538","Patent","Citation Family Member"
"JP2018537539","Patent","Citation Family Member"
"JP2018538337","Patent","Citation Family Member"
"JP2019502741","Patent","Citation Family Member"
"HU060517","Patent","Citation Family Member"
"ES2907489","Patent","Citation Family Member"
"DK3393468","Patent","Citation Family Member"
"PL3393468","Patent","Citation Family Member"
"ES2935834","Patent","Citation Family Member"
"TR2022018925","Patent","Citation Family Member"
"KR20180119632","Patent","Citation Family Member"
"CN109196121","Patent","Citation Family Member"
"KR20210124535","Patent","Citation Family Member"
"CN114395624","Patent","Citation Family Member"
"IL261422","Patent","Citation Family Member"
"EP3423596","Patent","Citation Family Member"
"MX2018010361","Patent","Citation Family Member"
"HK40002842","Patent","Citation Family Member"
"HK40002960","Patent","Citation Family Member"
"HK40069361","Patent","Citation Family Member"
"EP4155415","Patent","Citation Family Member"
"JP2021008470","Patent","Citation Family Member"
"AU2017225854","Patent","Citation Family Member"
"CA3015528","Patent","Citation Family Member"
"US2018371099","Patent","Citation Family Member"
"US2022153861","Patent","Citation Family Member"
"MX399594","Patent","Citation Family Member"
"KR102500659","Patent","Citation Family Member"
"JP6821693","Patent","Citation Family Member"
"US11279767","Patent","Citation Family Member"
"US12331128","Patent","Citation Family Member"
"DE602017062126","Patent","Citation Family Member"
"JP2019513695","Patent","Citation Family Member"
"MA44978","Patent","Citation Family Member"
"TW201806616","Patent","Citation Family Member"
"TW201808330","Patent","Citation Family Member"
"CN109153723","Patent","Citation Family Member"
"CN109153724","Patent","Citation Family Member"
"KR20190007046","Patent","Citation Family Member"
"KR20190007488","Patent","Citation Family Member"
"ID201900422","Patent","Citation Family Member"
"ZA201807050","Patent","Citation Family Member"
"ZA201807051","Patent","Citation Family Member"
"PH2018502263","Patent","Citation Family Member"
"KR20210154266","Patent","Citation Family Member"
"KR20220153681","Patent","Citation Family Member"
"MY194085","Patent","Citation Family Member"
"TW202313113","Patent","Citation Family Member"
"CN116098997","Patent","Citation Family Member"
"CN116407627","Patent","Citation Family Member"
"TH1801006940","Patent","Citation Family Member"
"KR20230152804","Patent","Citation Family Member"
"TW202408578","Patent","Citation Family Member"
"NZ748192","Patent","Citation Family Member"
"MY208872","Patent","Citation Family Member"
"NZ788452","Patent","Citation Family Member"
"NZ788455","Patent","Citation Family Member"
"TW202612735","Patent","Citation Family Member"
"BR122022010109","Patent","Citation Family Member"
"BR122022010116","Patent","Citation Family Member"
"IL262561","Patent","Citation Family Member"
"IL262562","Patent","Citation Family Member"
"MX2018013848","Patent","Citation Family Member"
"WO17197259","Patent","Citation Family Member"
"WO2017197259","Patent","Citation Family Member"
"SG11201809554V","Patent","Citation Family Member"
"EP3455258","Patent","Citation Family Member"
"EP3455259","Patent","Citation Family Member"
"MX2018013847","Patent","Citation Family Member"
"EA201892604","Patent","Citation Family Member"
"EA201892605","Patent","Citation Family Member"
"CL2018003207","Patent","Citation Family Member"
"HK40002353","Patent","Citation Family Member"
"SG10202011110P","Patent","Citation Family Member"
"EP3932951","Patent","Citation Family Member"
"MX2022001120","Patent","Citation Family Member"
"MX2022001123","Patent","Citation Family Member"
"HK40065707","Patent","Citation Family Member"
"EP4180459","Patent","Citation Family Member"
"HK40092254","Patent","Citation Family Member"
"IL302924","Patent","Citation Family Member"
"BR112018073291","Patent","Citation Family Member"
"JP2022050618","Patent","Citation Family Member"
"JP2023123848","Patent","Citation Family Member"
"US2017327567","Patent","Citation Family Member"
"US2017327590","Patent","Citation Family Member"
"AU2017264959","Patent","Citation Family Member"
"AU2017264955","Patent","Citation Family Member"
"CA3023985","Patent","Citation Family Member"
"CA3023984","Patent","Citation Family Member"
"US2020010538","Patent","Citation Family Member"
"US2023227542","Patent","Citation Family Member"
"AU2024220021","Patent","Citation Family Member"
"IL318482","Patent","Citation Family Member"
"CA3305994","Patent","Citation Family Member"
"TWI755395","Patent","Citation Family Member"
"MX389733","Patent","Citation Family Member"
"TWI786044","Patent","Citation Family Member"
"MX397083","Patent","Citation Family Member"
"TWI822521","Patent","Citation Family Member"
"MX427788","Patent","Citation Family Member"
"TWI910495","Patent","Citation Family Member"
"KR102349056","Patent","Citation Family Member"
"RS62783","Patent","Citation Family Member"
"KR102464774","Patent","Citation Family Member"
"KR102470294","Patent","Citation Family Member"
"RS64014","Patent","Citation Family Member"
"RS64218","Patent","Citation Family Member"
"KR102595561","Patent","Citation Family Member"
"JP6999577","Patent","Citation Family Member"
"JP7054680","Patent","Citation Family Member"
"JP7313493","Patent","Citation Family Member"
"JP7624033","Patent","Citation Family Member"
"US10457725","Patent","Citation Family Member"
"US11505600","Patent","Citation Family Member"
"UA124151","Patent","Citation Family Member"
"DE602017047544","Patent","Citation Family Member"
"DE602017064534","Patent","Citation Family Member"
"DE602017066391","Patent","Citation Family Member"
"LT3455258","Patent","Citation Family Member"
"PT3455258","Patent","Citation Family Member"
"LT3932951","Patent","Citation Family Member"
"PT3932951","Patent","Citation Family Member"
"PT3455259","Patent","Citation Family Member"
"SMT202200015","Patent","Citation Family Member"
"SI3455258","Patent","Citation Family Member"
"HR20220014","Patent","Citation Family Member"
"HR20230236","Patent","Citation Family Member"
"SI3932951","Patent","Citation Family Member"
"SI3455259","Patent","Citation Family Member"
"HR20230517","Patent","Citation Family Member"
"MK12882","Patent","Citation Family Member"
"CY1124901","Patent","Citation Family Member"
"SMT202300070","Patent","Citation Family Member"
"JP2019515008","Patent","Citation Family Member"
"JP2019519499","Patent","Citation Family Member"
"MD3455258","Patent","Citation Family Member"
"HU057781","Patent","Citation Family Member"
"MD3932951","Patent","Citation Family Member"
"HU061417","Patent","Citation Family Member"
"MD3455259","Patent","Citation Family Member"
"HU061874","Patent","Citation Family Member"
"DK3455258","Patent","Citation Family Member"
"ES2899954","Patent","Citation Family Member"
"PL3455258","Patent","Citation Family Member"
"DK3932951","Patent","Citation Family Member"
"ES2938321","Patent","Citation Family Member"
"PL3932951","Patent","Citation Family Member"
"DK3455259","Patent","Citation Family Member"
"ES2943640","Patent","Citation Family Member"
"PL3455259","Patent","Citation Family Member"
"FI3455259","Patent","Citation Family Member"
"FI3932951","Patent","Citation Family Member"
"TR2021018797","Patent","Citation Family Member"
"TR2023001463","Patent","Citation Family Member"
"TR2023005134","Patent","Citation Family Member"
"CN109152838","Patent","Citation Family Member"
"WO17205213","Patent","Citation Family Member"
"WO2017205213","Patent","Citation Family Member"
"EP3463453","Patent","Citation Family Member"
"US2019160148","Patent","Citation Family Member"
"JP2019516767","Patent","Citation Family Member"
"KR20190015408","Patent","Citation Family Member"
"CN109476753","Patent","Citation Family Member"
"KR20230118713","Patent","Citation Family Member"
"KR20250107295","Patent","Citation Family Member"
"EP3464369","Patent","Citation Family Member"
"JP2022188071","Patent","Citation Family Member"
"JP2025081454","Patent","Citation Family Member"
"US2020325226","Patent","Citation Family Member"
"US2022315657","Patent","Citation Family Member"
"US2025382368","Patent","Citation Family Member"
"JP2019517511","Patent","Citation Family Member"
"A. Baumann, Early Development of Therapeutic Biologics-Pharmacokinetics, Current Drug Metabolism, 7, 15-21, 2006.","NPL","Study NPL"
"Agoram, Balaji M. et al., The role of mechanism-based pharmacokinetic-pharmacodynamic (PK-PD) modelling in translational research of biologics, Drug Discovery Today, 12(23/24), 1018-1024, 2007.","NPL","Study NPL"
"Ahamadi, M. et al., Model-Based Characterization of the Pharmacokinetics of Pembrolizumab: A Humanized Anti-PD-1 Monoclonal Antibody in Advanced Solid Tumor, CPT Pharmacometrics Syst. Pharmacol., 6, 49-57, 2017.","NPL","Study NPL"
"Ahmadzadeh et al., Tumor antigen-specific CD8 T cells infiltrating the tumor express high levels of PD-1 and are functionally impaired, Blood, 2009, 1537-1544, 114.","NPL","Study NPL"
"Azanza, J-R et al., Monoclonal antibodies: Pharmacokinetics as a basis for new dosage regimens?, J Oncol Pharm Practice, 0(0), 1-7, 2014.","NPL","Study NPL"
"Baert et al., Influence of Immunogenicity on the long term efficacy of Infliximab in Crohns disease, New England Journal Med., 2003, pp. 601-608, 348.","NPL","Study NPL"
"Bai, Shuang et al., A Guide to Rational Dosing of Monoclonal Antibodies, Clin Pharmacokinet, 51(2), 119-135, 2012.","NPL","Study NPL"
"Baselga, J. et al., Phase I Studies of Anti-Epidermal Growth Factor Receptor Chimeric Antibody C225 Alone and in Combination With Cisplatin, J Clin Oncol, 18, 904-914, 2000.","NPL","Study NPL"
"Bates, Adam et al., David vs. Goliath: The Structure, Function, and Clinical Prospects of Antibody Fragments, Antibodies, 8(2), 1-31, 2019.","NPL","Study NPL"
"Baxter, Laurence T. et al., Biodistribution of Monoclonal Antibodies: Scale-up from Mouse to Human Using a Physiologically Based Pharmacokinetic Model, Cancer Research, 55, 4611-4522, 1995.","NPL","Study NPL"
"Beniaminovitz et al., Prevention of rejection in cardiac transplantation by blockade of the interleukin 2 receptor with a monoclonal antibody, New England Journal of Medicine, 2000, pp. 613-619, 342.","NPL","Study NPL"
"Brahmer et al., Safety and Activity of Anti-PD-L1 Antibody in Patients with Advanced Cancer, the New England Journal of Medicine, 2012, pp. 2455-2465, vol. 366, No. 26.","NPL","Study NPL"
"Bruno, Rene et al., Population pharmacokinetics of trastuzumab in patients With HER2+ metastatic breast cancer, Cancer Chemother Pharmacol, 56, 361-369, 2005.","NPL","Study NPL"
"CADTH, Dosing and Timing of Immuno-Oncology Drugs, CADTH, N/A, 3 pages, 2020.","NPL","Study NPL"
"Cao, Yanguang et al., Second-generation minimal physiologically-based pharmacokinetic model for monoclonal antibodies, J Pharmacokinet Pharmacodyn, 40, 597-607, 2013.","NPL","Study NPL"
"Castellino, Alexander M., Pembrolizumab Flat Dosing Wastes Nearly $1 Billion Annually, Medscape Medical NewsConference NewsAmerican Society of Clinical Oncology (ASCO) 2017 Annual Meeting, 2017, 1-3, N/A.","NPL","Study NPL"
"Center for Drug Evaluation and Research, Clinical Pharmacology and Biopharmaceutics Review(s), Center for Drug Evaluation and Research, N/A, 1-43, 2014.","NPL","Study NPL"
"Chatterjee, M. et al., Systematic evaluation of pembrolizumab dosing in patients with advanced non-small-cell lung cancer, Annals of Oncology, 27, 1291-1298, 2015.","NPL","Study NPL"
"Chatterjee, MS et al., Population Pharmacokinetic/Pharmacodynamic Modeling of Tumor Size Dynamics in Pembrolizumab-Treated Advanced Melanoma, CPT Pharmacometrics Syst. Pharmacol., 6, 29-39, 2017.","NPL","Study NPL"
"Chen et al., PD-L1 Expression is Characteristic of a Subset of Aggressive B-cell Lymphomas and Virus-Associated Malignancies, Clinical Cancer Research, 2013, pp. 3462-3473, vol. 19.","NPL","Study NPL"
"Cooper, L J et al., Role of heavy chain constant domains in antibody-antigen interaction. Apparent specificity differences among streptococcal IgG antibodies expressing identical variable domains, J Immunol, 150(6), 2231-2242, 1993.","NPL","Study NPL"
"Dang, et al., Pembrolizumab for the treatment of PD-L1 positive advanced or metastatic non-small cell lung cancer, Expert Rev Anticancer Ther., vol. 16(1), pp. 13-20, 2016.","NPL","Study NPL"
"Dang, T.O. et al., Pembrolizumab for the treatment of PD-LI positive advanced or metastatic non-small cell lung cancer, Expert Review of Anticancer Therapy, 2015, 1-23, 11:43.","NPL","Study NPL"
"De Greef, R. et al., Pembrolizumab: Role of Modeling and Simulation in Bringing a Novel Immunotherapy to Patients With Melanoma, CPT Pharmacometrics Syst. Pharmacol., 6, 5-7, 2017.","NPL","Study NPL"
"Dirks, Nathanael L. et al., Population Pharmacokinetics of Therapeutic Monoclonal Antibodies, Clin Pharmacokinet, 49(10), 633-659, 2010.","NPL","Study NPL"
"Dong et al., Tumor-associated B7-H1 promotes T-cell apoptosis: A potential mechanism of immune evasion, Nature Medicine, 2002, pp. 793-800, vol. 8(8).","NPL","Study NPL"
"Elassaiss-Schaap, J. et al., Using Model-Based Learn and Confirm to Reveal the Pharmacokinetics-Pharmacodynamics Relationship of Pembrolizumab in the Keynote-001 Trial : Modeling of the PK/PD of Pembro in Keynote-001, CPT Pharmacometrics Syst. Pharmacol., 2017, 21-28, 6(1).","NPL","Study NPL"
"Ernstoff, Marc S., The clinical pharmacology of therapeutic monoclonal antibodies in the treatment of malignancy; have the magic bullets arrived?, British Journal of Clinical Pharmacology, vol. 6:1, pp. 6-19, May 22, 2008.","NPL","Study NPL"
"European Medicines Agency, Guideline on the Clinical Investigation of the Pharmacokinetics of Therapeutic Proteins, European Medicines Agency, CHMP/EWP/89249/2004, 11 pages, 2007.","NPL","Study NPL"
"FDA, Review Memo-Keytruda, FDA, N/A, 19 pages, 2020.","NPL","Study NPL"
"Food and Drug Administration, FDA approves new dosing regimen for pembrolizumab, Food and Drug Administration, N/A, 2 pages, 2020.","NPL","Study NPL"
"Food and Drug Administration, Guidance for Industry Population Pharmacokinetics, CP 1, N/A, 35 pages, 1999.","NPL","Study NPL"
"Freshwater et al., Evaluation of dosing strategy for pembrolizumab for oncology indications, Journal for ImmunoTherapy of Cancer, vol. 5, Article No. 43 (2017).","NPL","Study NPL"
"Freshwater, T. et al., Evaluation of dosing strategy for pembrolizumab for oncology indications, Journal for ImmunoTherapy of Cancer, 2017, 1-9, 5:43.","NPL","Study NPL"
"Gadiot et al., Overall Survival and PD-L1 Expression in Metastasized Malignant Melanoma, Cancer, 2011, 2192-2201, 117.","NPL","Study NPL"
"Gao et al., Overexpression of PD-L1 Significantly Associates with Tumor Aggressiveness and Postoperative Recurrence in Human Hepatocellular Carcinoma, Clinical Cancer Research, 2009, 971-979, 15.","NPL","Study NPL"
"Garon et al., Pembrolizumab for the Treatment of Non-Small-Cell Lung Cancer, the New England Journal of Medicine, 2015, pp. 2018-2028, vol. 372, No. 21.","NPL","Study NPL"
"Ghebeh et al., FOXP3+ Tregs and B7-H1+/PD-1+T lymphocytes co-infiltrate the tumor tissues of high-risk breast cancer patients: Implication for immunotherapy, BMC Cancer, 2008, 57-68, 8.","NPL","Study NPL"
"Ghebeh et al., The B7-H1 (PD-L1) T Lymphocyte-Inhibitory Molecule Is Expressed in Breast Cancer Patients with Infiltrating Ductal Carcinoma: Correlation with Important High-Risk Prognostic Factors, Neoplasia, 2006, 190-198, 8.","NPL","Study NPL"
"Ghosh et al., Natalizumab for active Crohns disease, New England J. Med., 2003, pp. 24-32, 348.","NPL","Study NPL"
"Glassman, Patrick M., et al., Physiologically-based modeling to predict the clinical behavior of monoclonal antibodies directed against lymphocyte antigens, MABS, vol. 9:2, pp. 297-306, 2017.","NPL","Study NPL"
"Goldstein, Daniel A. et al., A phamacoeconomic analysis of personalized dosing versus fixed dosing of pembrolizumab in first-line PD-LI positive non-small cell lung cancer, Journal of Clinical Oncology, 2017, Abstract 9013, 35 (Suppl. 15).","NPL","Study NPL"
"Grimwood, Sarah et al., Target site occupancy: Emerging generalizations from clinical and preclinical studies, Pharmacology & Therapeutics, 122, 281-301, 2009.","NPL","Study NPL"
"Hamanishi et al., Programmed cell death 1 ligand 1 and tumor-infiltrating CD8+ T lymphocytes are prognostic factors of human ovarian cancer, Proceedings of the National Academy of Sciences USA, 2007, 3360-3365, 104.","NPL","Study NPL"
"Hamid et al., Safety and Tumor Responses with Lambrolizumab (Anti-PD-1) in Melanoma, New Eng. J. Med., 2013, 134-144, 369(2).","NPL","Study NPL"
"Hamid, Omid et al., Randomized comparison of two doses of the anti-PD-1 monoclonal antibody MK-3475 for ipilimumab-refractory (IPIR) and IPI-naive (IPI-N) melanoma (MEL), Journal of Clinical Oncology, 32(Suppl15), Abstract 3000, 3 pages, 2014.","NPL","Study NPL"
"Hansel, Trevor T., et al., The safety and side effects of monoclonal antibodies, Nature Reviews Drug Discovery, vol. 9, pp. 325-338, Apr. 2010.","NPL","Study NPL"
"Hendrikx, Jeroen J.M.A. et al., Fixed Dosing of Monoclonal Antibodies in Oncology, the Oncologist, 22, 1212-1221, 2017.","NPL","Study NPL"
"Herbst, Roy S et al., Pembrolizumab versus docetaxel for previously treated, PD-L1-positive, advanced non-small-cell lung cancer (Keynote-010): a randomised controlled trial, Lancet, 387, 1540-1550, 2016.","NPL","Study NPL"
"Hino et al., Tumor cell expression of programmed cell death-1 ligand 1 is a prognostic factor for malignant melanoma, Cancer, 2010, 1757-1766, 116(7).","NPL","Study NPL"
"Inman et al., PD-L1 (B7-H1) expression by urothelial carcinoma of the bladder and BCG-induced granulomata: associations with localized stage progression, Cancer, 2007, 1499-1505, 109.","NPL","Study NPL"
"Jain, Rajul K. et al., Phase I Oncology Studies: Evidence That in the Era of Targeted Therapies Patients on Lower Doses Do Not Fare Worse, American Association for Cancer Research., vol. 16(4), pp. 1289-1297, 2010.","NPL","Study NPL"
"Jiunn H. Lin, Pharmacokinetics of Biotech Drugs: Peptides, Proteins and Monoclonal Antibodies, Current Drug Metabolism, 10, 661-691, 2009.","NPL","Study NPL"
"Jones, Hannah M. et al., A Physiologically-Based Pharmacokinetic Model for the Prediction of Monoclonal Antibody Pharmacokinetics From In Vitro Data, CPT Pharmacometrics Syst. Pharmacol., 8, 738-747, 2019.","NPL","Study NPL"
"Keizer, Ron J. et al., Clinical Pharmacokinetics of Therapeutic Monoclonal Antibodies, Clin Pharmacokinet, 49(8), 493-507, 2010.","NPL","Study NPL"
"Kontermann, Roland, Strategies to Extend Plasma Half-Lives of Recombinant Antibodies, Biodrugs, 23(2), 93-109, 2009.","NPL","Study NPL"
"Koren, E. et al., Immune Responses to Therapeutic Proteins in Humans-Clinical Significance, Assessment and Prediction, Current Pharmaceutical Biotechnology, 3, 349-360, 2002.","NPL","Study NPL"
"Kwok, Gerry et al., Pembrolizumab (Keytruda), Human Vaccines & Immunotherapeutics, 2016, 2777-2789, 12:11.","NPL","Study NPL"
"Lala, Mallika et al., A six-weekly dosing schedule for pembrolizumab in patients with cancer based on evaluation using modelling and simulation, European Journal of Cancer, 2020, 68-75, 131.","NPL","Study NPL"
"Lee, Jean W et al., Bioanalysis of target biomarker and PK/PD relevancy during the development of biotherapeutics, Bioanalysis, 4(20), 2513-2523, 2012.","NPL","Study NPL"
"Liang, Wei-Ching et al., Dramatic activation of an antibody by a single amino acid change in framework, Scientific Reports, 11:22365, 1-9, 2021.","NPL","Study NPL"
"Li, Hongshan et al., Time dependent pharmacokinetics of pembrolizumab in patients with solid tumor and its correlation with best overall response, J Pharmacokinet Pharmacodyn, 44, 403-414, 2017.","NPL","Study NPL"
"Lindauer, A et al., Translational Pharmacokinetic/Pharmacodynamic Modeling of Tumor Growth Inhibition Supports Dose-Range Selection of the Anti-PD-1 Antibody Pembrolizumab, CPT Pharmacometrics Syst. Pharmacol., 6, 11-20, 2017.","NPL","Study NPL"
"Lipsky et al., Infliximab and methotrexate in the treatment of rheumatoid arthritis, New England Journal of Medicine, 2000, pp. 1594-1602, 343.","NPL","Study NPL"
"Li, Tommy R. et al., Pivotal Dose of Pembrolizumab: A Dose-Finding Strategy for Immuno-Oncology, Clinical Pharmacology & Therapeutics, 110(1), 200-209, 2021.","NPL","Study NPL"
"Lobo, Evelyn D. et al., Antibody Pharmacokinetics and Pharmacodynamics, J Pharm Sci, 93(11), 2645-2668, 2004.","NPL","Study NPL"
"Lynch, Carmel M. et al., Practical considerations for nonclinical safety evaluation of therapeutic monoclonal antibodies, mAbs, 1:1, 2-11, 2009.","NPL","Study NPL"
"Marianne J. H. Van Vugt, et al., Immunogenicity of pembrolizumab in patients with advanced tumors, Journal for Immuno Therapy of Cancer, 7:212, 1-8, 2019.","NPL","Study NPL"
"Mathijssen, Ron H. J., et al., Determining the optimal dose in the development of anticancer agents, Nature Reviews Clinical Oncology, vol. 11, pp. 272-281, May 2014.","NPL","Study NPL"
"McDermott, et al., PD-1 as a potential target in cancer therapy, Cancer Medicine, pp. 662-673, 2013, WO.","NPL","Study NPL"
"Milgrom et al., Treatment of allergic asthma with monoclonal anti IgE antibody, New England Journal Med., 1999, pp. 1966-1973, 341.","NPL","Study NPL"
"Montano, R.F. et al., Influence of the isotype of the light chain on the properties of IgG, the Journal of Immunology, 168, 224-231, 2002.","NPL","Study NPL"
"Mould, Diane R et al., The pharmacokinetics and pharmacodynamics of monoclonal antibodies-mechanistic modeling applied to drug development, Current Opinion in Drug Discovery & Development, 10(1), 84-96, 2007.","NPL","Study NPL"
"Mould, D. R. et al., Basic Concepts in Population Modeling, Simulation, and Model-Based Drug Development, CPT: Pharmacometrics & Systems Pharmacology, 1:e6, 1-14, 2012.","NPL","Study NPL"
"Mould, DR et al., Basic Concepts in Population Modeling, Simulation, and Model-Based Drug Development-Part 2: Introduction to Pharmacokinetic Modeling Methods, CPT: Pharmacometrics & Systems Pharmacology, 2(e38), 1-14, 2013.","NPL","Study NPL"
"Nakanishi et al., Overexpression of B7-H1 (PD-L1) significantly associates with tumor grade and postoperative prognosis in human urothelial cancers, Cancer Immunol. Immunother., 2007, 1173-1182, 56.","NPL","Study NPL"
"Newsome, Barrett W. et al., The clinical pharmacology of therapeutic monoclonal antibodies in the treatment of malignancy; have the magic bullets arrived?, Br J Clin Pharmacol, 66:1, 6-19, 2008.","NPL","Study NPL"
"Nghiem, Paul T., et al., PD-1 blockade with pembrolizumab in advanced Merkel-cell carcinoma, N Engl J Med, 374;26, 2542-2552, 2016.","NPL","Study NPL"
"Nomi et al., Clinical Significance and Therapeutic Potential of the Programmed Death-1 Ligand/Programmed Death-1 Pathway in Human Pancreatic Cancer, Clinical Cancer Research, 2007, pp. 2151-2157, vol. 13.","NPL","Study NPL"
"Ohigashi et al., Clinical Significance of Programmed Death-1 Ligand-1 and Programmed Death-1 Ligand-2 Expression in Human Esophageal Cancer, Clin. Cancer Research, 2005, 2947-2953, 11.","NPL","Study NPL"
"<othercit>A. Baumann, Early Development of Therapeutic Biologics-Pharmacokinetics, Current Drug Metabolism, 7, 15-21, 2006.</othercit>","NPL","Study NPL"
"<othercit>Agoram, Balaji M. et al., The role of mechanism-based pharmacokinetic-pharmacodynamic (PK-PD) modelling in translational research of biologics, Drug Discovery Today, 12(23/24), 1018-1024, 2007.</othercit>","NPL","Study NPL"
"<othercit>Ahamadi, M. et al., Model-Based Characterization of the Pharmacokinetics of Pembrolizumab: A Humanized Anti-PD-1 Monoclonal Antibody in Advanced Solid Tumor, CPT Pharmacometrics Syst. Pharmacol., 6, 49-57, 2017.</othercit>","NPL","Study NPL"
"<othercit>Ahmadzadeh et al., Tumor antigen-specific CD8 T cells infiltrating the tumor express high levels of PD-1 and are functionally impaired, Blood, 2009, 1537-1544, 114.</othercit>","NPL","Study NPL"
"<othercit>Azanza, J-R et al., Monoclonal antibodies: Pharmacokinetics as a basis for new dosage regimens?, J Oncol Pharm Practice, 0(0), 1-7, 2014.</othercit>","NPL","Study NPL"
"<othercit>Baert et al., Influence of Immunogenicity on the long term efficacy of Infliximab in Crohns disease, New England Journal Med., 2003, pp. 601-608, 348.</othercit>","NPL","Study NPL"
"<othercit>Bai, Shuang et al., A Guide to Rational Dosing of Monoclonal Antibodies, Clin Pharmacokinet, 51(2), 119-135, 2012.</othercit>","NPL","Study NPL"
"<othercit>Baselga, J. et al., Phase I Studies of Anti-Epidermal Growth Factor Receptor Chimeric Antibody C225 Alone and in Combination With Cisplatin, J Clin Oncol, 18, 904-914, 2000.</othercit>","NPL","Study NPL"
"<othercit>Bates, Adam et al., David vs. Goliath: The Structure, Function, and Clinical Prospects of Antibody Fragments, Antibodies, 8(2), 1-31, 2019.</othercit>","NPL","Study NPL"
"<othercit>Baxter, Laurence T. et al., Biodistribution of Monoclonal Antibodies: Scale-up from Mouse to Human Using a Physiologically Based Pharmacokinetic Model, Cancer Research, 55, 4611-4522, 1995.</othercit>","NPL","Study NPL"
"<othercit>Beniaminovitz et al., Prevention of rejection in cardiac transplantation by blockade of the interleukin 2 receptor with a monoclonal antibody, New England Journal of Medicine, 2000, pp. 613-619, 342.</othercit>","NPL","Study NPL"
"<othercit>Brahmer et al., Safety and Activity of Anti-PD-L1 Antibody in Patients with Advanced Cancer, the New England Journal of Medicine, 2012, pp. 2455-2465, vol. 366, No. 26.</othercit>","NPL","Study NPL"
"<othercit>Bruno, Rene et al., Population pharmacokinetics of trastuzumab in patients With HER2+ metastatic breast cancer, Cancer Chemother Pharmacol, 56, 361-369, 2005.</othercit>","NPL","Study NPL"
"<othercit>CADTH, Dosing and Timing of Immuno-Oncology Drugs, CADTH, N/A, 3 pages, 2020.</othercit>","NPL","Study NPL"
"<othercit>Cao, Yanguang et al., Second-generation minimal physiologically-based pharmacokinetic model for monoclonal antibodies, J Pharmacokinet Pharmacodyn, 40, 597-607, 2013.</othercit>","NPL","Study NPL"
"<othercit>Castellino, Alexander M., Pembrolizumab Flat Dosing Wastes Nearly $1 Billion Annually, Medscape Medical NewsConference NewsAmerican Society of Clinical Oncology (ASCO) 2017 Annual Meeting, 2017, 1-3, N/A.</othercit>","NPL","Study NPL"
"<othercit>Center for Drug Evaluation and Research, Clinical Pharmacology and Biopharmaceutics Review(s), Center for Drug Evaluation and Research, N/A, 1-43, 2014.</othercit>","NPL","Study NPL"
"<othercit>Chatterjee, M. et al., Systematic evaluation of pembrolizumab dosing in patients with advanced non-small-cell lung cancer, Annals of Oncology, 27, 1291-1298, 2015.</othercit>","NPL","Study NPL"
"<othercit>Chatterjee, MS et al., Population Pharmacokinetic/Pharmacodynamic Modeling of Tumor Size Dynamics in Pembrolizumab-Treated Advanced Melanoma, CPT Pharmacometrics Syst. Pharmacol., 6, 29-39, 2017.</othercit>","NPL","Study NPL"
"<othercit>Chen et al., PD-L1 Expression is Characteristic of a Subset of Aggressive B-cell Lymphomas and Virus-Associated Malignancies, Clinical Cancer Research, 2013, pp. 3462-3473, vol. 19.</othercit>","NPL","Study NPL"
"<othercit>Cooper, L J et al., Role of heavy chain constant domains in antibody-antigen interaction. Apparent specificity differences among streptococcal IgG antibodies expressing identical variable domains, J Immunol, 150(6), 2231-2242, 1993.</othercit>","NPL","Study NPL"
"<othercit>Dang, et al., Pembrolizumab for the treatment of PD-L1 positive advanced or metastatic non-small cell lung cancer, Expert Rev Anticancer Ther., vol. 16(1), pp. 13-20, 2016.</othercit>","NPL","Study NPL"
"<othercit>Dang, T.O. et al., Pembrolizumab for the treatment of PD-LI positive advanced or metastatic non-small cell lung cancer, Expert Review of Anticancer Therapy, 2015, 1-23, 11:43.</othercit>","NPL","Study NPL"
"<othercit>De Greef, R. et al., Pembrolizumab: Role of Modeling and Simulation in Bringing a Novel Immunotherapy to Patients With Melanoma, CPT Pharmacometrics Syst. Pharmacol., 6, 5-7, 2017.</othercit>","NPL","Study NPL"
"<othercit>Dirks, Nathanael L. et al., Population Pharmacokinetics of Therapeutic Monoclonal Antibodies, Clin Pharmacokinet, 49(10), 633-659, 2010.</othercit>","NPL","Study NPL"
"<othercit>Dong et al., Tumor-associated B7-H1 promotes T-cell apoptosis: A potential mechanism of immune evasion, Nature Medicine, 2002, pp. 793-800, vol. 8(8).</othercit>","NPL","Study NPL"
"<othercit>Elassaiss-Schaap, J. et al., Using Model-Based Learn and Confirm to Reveal the Pharmacokinetics-Pharmacodynamics Relationship of Pembrolizumab in the Keynote-001 Trial : Modeling of the PK/PD of Pembro in Keynote-001, CPT Pharmacometrics Syst. Pharmacol., 2017, 21-28, 6(1).</othercit>","NPL","Study NPL"
"<othercit>Ernstoff, Marc S., The clinical pharmacology of therapeutic monoclonal antibodies in the treatment of malignancy; have the magic bullets arrived?, British Journal of Clinical Pharmacology, vol. 6:1, pp. 6-19, May 22, 2008.</othercit>","NPL","Study NPL"
"<othercit>European Medicines Agency, Guideline on the Clinical Investigation of the Pharmacokinetics of Therapeutic Proteins, European Medicines Agency, CHMP/EWP/89249/2004, 11 pages, 2007.</othercit>","NPL","Study NPL"
"<othercit>FDA, Review Memo-Keytruda, FDA, N/A, 19 pages, 2020.</othercit>","NPL","Study NPL"
"<othercit>Food and Drug Administration, FDA approves new dosing regimen for pembrolizumab, Food and Drug Administration, N/A, 2 pages, 2020.</othercit>","NPL","Study NPL"
"<othercit>Food and Drug Administration, Guidance for Industry Population Pharmacokinetics, CP 1, N/A, 35 pages, 1999.</othercit>","NPL","Study NPL"
"<othercit>Freshwater et al., Evaluation of dosing strategy for pembrolizumab for oncology indications, Journal for ImmunoTherapy of Cancer, vol. 5, Article No. 43 (2017).</othercit>","NPL","Study NPL"
"<othercit>Freshwater, T. et al., Evaluation of dosing strategy for pembrolizumab for oncology indications, Journal for ImmunoTherapy of Cancer, 2017, 1-9, 5:43.</othercit>","NPL","Study NPL"
"<othercit>Gadiot et al., Overall Survival and PD-L1 Expression in Metastasized Malignant Melanoma, Cancer, 2011, 2192-2201, 117.</othercit>","NPL","Study NPL"
"<othercit>Gao et al., Overexpression of PD-L1 Significantly Associates with Tumor Aggressiveness and Postoperative Recurrence in Human Hepatocellular Carcinoma, Clinical Cancer Research, 2009, 971-979, 15.</othercit>","NPL","Study NPL"
"<othercit>Garon et al., Pembrolizumab for the Treatment of Non-Small-Cell Lung Cancer, the New England Journal of Medicine, 2015, pp. 2018-2028, vol. 372, No. 21.</othercit>","NPL","Study NPL"
"<othercit>Ghebeh et al., FOXP3+ Tregs and B7-H1+/PD-1+T lymphocytes co-infiltrate the tumor tissues of high-risk breast cancer patients: Implication for immunotherapy, BMC Cancer, 2008, 57-68, 8.</othercit>","NPL","Study NPL"
"<othercit>Ghebeh et al., The B7-H1 (PD-L1) T Lymphocyte-Inhibitory Molecule Is Expressed in Breast Cancer Patients with Infiltrating Ductal Carcinoma: Correlation with Important High-Risk Prognostic Factors, Neoplasia, 2006, 190-198, 8.</othercit>","NPL","Study NPL"
"<othercit>Ghosh et al., Natalizumab for active Crohns disease, New England J. Med., 2003, pp. 24-32, 348.</othercit>","NPL","Study NPL"
"<othercit>Glassman, Patrick M., et al., Physiologically-based modeling to predict the clinical behavior of monoclonal antibodies directed against lymphocyte antigens, MABS, vol. 9:2, pp. 297-306, 2017.</othercit>","NPL","Study NPL"
"<othercit>Goldstein, Daniel A. et al., A phamacoeconomic analysis of personalized dosing versus fixed dosing of pembrolizumab in first-line PD-LI positive non-small cell lung cancer, Journal of Clinical Oncology, 2017, Abstract 9013, 35 (Suppl. 15).</othercit>","NPL","Study NPL"
"<othercit>Grimwood, Sarah et al., Target site occupancy: Emerging generalizations from clinical and preclinical studies, Pharmacology &amp; Therapeutics, 122, 281-301, 2009.</othercit>","NPL","Study NPL"
"<othercit>Hamanishi et al., Programmed cell death 1 ligand 1 and tumor-infiltrating CD8+ T lymphocytes are prognostic factors of human ovarian cancer, Proceedings of the National Academy of Sciences USA, 2007, 3360-3365, 104.</othercit>","NPL","Study NPL"
"<othercit>Hamid et al., Safety and Tumor Responses with Lambrolizumab (Anti-PD-1) in Melanoma, New Eng. J. Med., 2013, 134-144, 369(2).</othercit>","NPL","Study NPL"
"<othercit>Hamid, Omid et al., Randomized comparison of two doses of the anti-PD-1 monoclonal antibody MK-3475 for ipilimumab-refractory (IPIR) and IPI-naive (IPI-N) melanoma (MEL), Journal of Clinical Oncology, 32(Suppl15), Abstract 3000, 3 pages, 2014.</othercit>","NPL","Study NPL"
"<othercit>Hansel, Trevor T., et al., The safety and side effects of monoclonal antibodies, Nature Reviews Drug Discovery, vol. 9, pp. 325-338, Apr. 2010.</othercit>","NPL","Study NPL"
"<othercit>Hendrikx, Jeroen J.M.A. et al., Fixed Dosing of Monoclonal Antibodies in Oncology, the Oncologist, 22, 1212-1221, 2017.</othercit>","NPL","Study NPL"
"<othercit>Herbst, Roy S et al., Pembrolizumab versus docetaxel for previously treated, PD-L1-positive, advanced non-small-cell lung cancer (Keynote-010): a randomised controlled trial, Lancet, 387, 1540-1550, 2016.</othercit>","NPL","Study NPL"
"<othercit>Hino et al., Tumor cell expression of programmed cell death-1 ligand 1 is a prognostic factor for malignant melanoma, Cancer, 2010, 1757-1766, 116(7).</othercit>","NPL","Study NPL"
"<othercit>Inman et al., PD-L1 (B7-H1) expression by urothelial carcinoma of the bladder and BCG-induced granulomata: associations with localized stage progression, Cancer, 2007, 1499-1505, 109.</othercit>","NPL","Study NPL"
"<othercit>Jain, Rajul K. et al., Phase I Oncology Studies: Evidence That in the Era of Targeted Therapies Patients on Lower Doses Do Not Fare Worse, American Association for Cancer Research., vol. 16(4), pp. 1289-1297, 2010.</othercit>","NPL","Study NPL"
"<othercit>Jiunn H. Lin, Pharmacokinetics of Biotech Drugs: Peptides, Proteins and Monoclonal Antibodies, Current Drug Metabolism, 10, 661-691, 2009.</othercit>","NPL","Study NPL"
"<othercit>Jones, Hannah M. et al., A Physiologically-Based Pharmacokinetic Model for the Prediction of Monoclonal Antibody Pharmacokinetics From In Vitro Data, CPT Pharmacometrics Syst. Pharmacol., 8, 738-747, 2019.</othercit>","NPL","Study NPL"
"<othercit>Keizer, Ron J. et al., Clinical Pharmacokinetics of Therapeutic Monoclonal Antibodies, Clin Pharmacokinet, 49(8), 493-507, 2010.</othercit>","NPL","Study NPL"
"<othercit>Kontermann, Roland, Strategies to Extend Plasma Half-Lives of Recombinant Antibodies, Biodrugs, 23(2), 93-109, 2009.</othercit>","NPL","Study NPL"
"<othercit>Koren, E. et al., Immune Responses to Therapeutic Proteins in Humans-Clinical Significance, Assessment and Prediction, Current Pharmaceutical Biotechnology, 3, 349-360, 2002.</othercit>","NPL","Study NPL"
"<othercit>Kwok, Gerry et al., Pembrolizumab (Keytruda), Human Vaccines &amp; Immunotherapeutics, 2016, 2777-2789, 12:11.</othercit>","NPL","Study NPL"
"<othercit>Lala, Mallika et al., A six-weekly dosing schedule for pembrolizumab in patients with cancer based on evaluation using modelling and simulation, European Journal of Cancer, 2020, 68-75, 131.</othercit>","NPL","Study NPL"
"<othercit>Lee, Jean W et al., Bioanalysis of target biomarker and PK/PD relevancy during the development of biotherapeutics, Bioanalysis, 4(20), 2513-2523, 2012.</othercit>","NPL","Study NPL"
"<othercit>Liang, Wei-Ching et al., Dramatic activation of an antibody by a single amino acid change in framework, Scientific Reports, 11:22365, 1-9, 2021.</othercit>","NPL","Study NPL"
"<othercit>Li, Hongshan et al., Time dependent pharmacokinetics of pembrolizumab in patients with solid tumor and its correlation with best overall response, J Pharmacokinet Pharmacodyn, 44, 403-414, 2017.</othercit>","NPL","Study NPL"
"<othercit>Lindauer, A et al., Translational Pharmacokinetic/Pharmacodynamic Modeling of Tumor Growth Inhibition Supports Dose-Range Selection of the Anti-PD-1 Antibody Pembrolizumab, CPT Pharmacometrics Syst. Pharmacol., 6, 11-20, 2017.</othercit>","NPL","Study NPL"
"<othercit>Lipsky et al., Infliximab and methotrexate in the treatment of rheumatoid arthritis, New England Journal of Medicine, 2000, pp. 1594-1602, 343.</othercit>","NPL","Study NPL"
"<othercit>Li, Tommy R. et al., Pivotal Dose of Pembrolizumab: A Dose-Finding Strategy for Immuno-Oncology, Clinical Pharmacology &amp; Therapeutics, 110(1), 200-209, 2021.</othercit>","NPL","Study NPL"
"<othercit>Lobo, Evelyn D. et al., Antibody Pharmacokinetics and Pharmacodynamics, J Pharm Sci, 93(11), 2645-2668, 2004.</othercit>","NPL","Study NPL"
"<othercit>Lynch, Carmel M. et al., Practical considerations for nonclinical safety evaluation of therapeutic monoclonal antibodies, mAbs, 1:1, 2-11, 2009.</othercit>","NPL","Study NPL"
"<othercit>Marianne J. H. Van Vugt, et al., Immunogenicity of pembrolizumab in patients with advanced tumors, Journal for Immuno Therapy of Cancer, 7:212, 1-8, 2019.</othercit>","NPL","Study NPL"
"<othercit>Mathijssen, Ron H. J., et al., Determining the optimal dose in the development of anticancer agents, Nature Reviews Clinical Oncology, vol. 11, pp. 272-281, May 2014.</othercit>","NPL","Study NPL"
"<othercit>McDermott, et al., PD-1 as a potential target in cancer therapy, Cancer Medicine, pp. 662-673, 2013, WO.</othercit>","NPL","Study NPL"
"<othercit>Milgrom et al., Treatment of allergic asthma with monoclonal anti IgE antibody, New England Journal Med., 1999, pp. 1966-1973, 341.</othercit>","NPL","Study NPL"
"<othercit>Montano, R.F. et al., Influence of the isotype of the light chain on the properties of IgG, the Journal of Immunology, 168, 224-231, 2002.</othercit>","NPL","Study NPL"
"<othercit>Mould, Diane R et al., The pharmacokinetics and pharmacodynamics of monoclonal antibodies-mechanistic modeling applied to drug development, Current Opinion in Drug Discovery &amp; Development, 10(1), 84-96, 2007.</othercit>","NPL","Study NPL"
"<othercit>Mould, D. R. et al., Basic Concepts in Population Modeling, Simulation, and Model-Based Drug Development, CPT: Pharmacometrics &amp; Systems Pharmacology, 1:e6, 1-14, 2012.</othercit>","NPL","Study NPL"
"<othercit>Mould, DR et al., Basic Concepts in Population Modeling, Simulation, and Model-Based Drug Development-Part 2: Introduction to Pharmacokinetic Modeling Methods, CPT: Pharmacometrics &amp; Systems Pharmacology, 2(e38), 1-14, 2013.</othercit>","NPL","Study NPL"
"<othercit>Nakanishi et al., Overexpression of B7-H1 (PD-L1) significantly associates with tumor grade and postoperative prognosis in human urothelial cancers, Cancer Immunol. Immunother., 2007, 1173-1182, 56.</othercit>","NPL","Study NPL"
"<othercit>Newsome, Barrett W. et al., The clinical pharmacology of therapeutic monoclonal antibodies in the treatment of malignancy; have the magic bullets arrived?, Br J Clin Pharmacol, 66:1, 6-19, 2008.</othercit>","NPL","Study NPL"
"<othercit>Nghiem, Paul T., et al., PD-1 blockade with pembrolizumab in advanced Merkel-cell carcinoma, N Engl J Med, 374;26, 2542-2552, 2016.</othercit>","NPL","Study NPL"
"<othercit>Nomi et al., Clinical Significance and Therapeutic Potential of the Programmed Death-1 Ligand/Programmed Death-1 Pathway in Human Pancreatic Cancer, Clinical Cancer Research, 2007, pp. 2151-2157, vol. 13.</othercit>","NPL","Study NPL"
"<othercit>Ohigashi et al., Clinical Significance of Programmed Death-1 Ligand-1 and Programmed Death-1 Ligand-2 Expression in Human Esophageal Cancer, Clin. Cancer Research, 2005, 2947-2953, 11.</othercit>","NPL","Study NPL"
"<othercit>Ott, Patrick A. et al., Safety and Antitumor Activity of Pembrolizumab in Advanced Programmed Death Ligand 1-Positive Endometrial Cancer: Results From the Keynote-028 Study, J Clin Oncol, 2017, 2535-2541, 35(22).</othercit>","NPL","Study NPL"
"<othercit>Peletier, Lambertus A. et al., Dynamics of target-mediated drug disposition: characteristic profiles and parameter identification, J Pharmacokinet Pharmacodyn, 39, 429-451, 2012.</othercit>","NPL","Study NPL"
"<othercit>Pembrolizumab (Rx). Medscape. Sep. 18, 2017. found on Aug. 30, 2022, URL: https://web.archive.org/web/20170918010806/http://reference.medscape.com/drug/keytruda-pembrolizumab-999962 (5 pages).</othercit>","NPL","Study NPL"
"<othercit>Putnam, Wendy S. et al., Pharmacokinetic, pharmacodynamic and immunogenicity comparability assessment strategies for monoclonal antibodies, Trends in Biotechnology, 28(10), 509-516, 2010.</othercit>","NPL","Study NPL"
"<othercit>Ribas, Antoni et al., Association of Pembrolizumab With Tumor Response and Survival Among Patients With Advanced Melanoma, JAMA, 315(15), 1600-1609, 2016.</othercit>","NPL","Study NPL"
"<othercit>Ribas, Antoni et al., Pembrolizumab versus investigator-choice chemotherapy for ipilimumab-refractory melanoma (Keynote-002): a randomised, controlled, phase 2 trial, Lancet Oncol, 16, 908-918, 2015.</othercit>","NPL","Study NPL"
"<othercit>Rippe, B. et al., Fluid and protein fluxes across small and large pores in the microvasculature. Application of two-pore equations, Acta Physiol Scand, 131, 411-428, 1987.</othercit>","NPL","Study NPL"
"<othercit>Robert et al., Anti-programmed-death-receptor-1 treatment with pembrolizumab in ipilimumab-refractory advanced melanoma: a randomised dose-comparison cohort of a phase 1 trial, the Lancet, 2014, pp. 1109-1117, vol. 384.</othercit>","NPL","Study NPL"
"<othercit>Robert et al., Nivolumab in Previously Untreated Melanoma without BRAF Mutation, the New England Journal of Medicine, 2015, pp. 320-330, vol. 372, No. 4.</othercit>","NPL","Study NPL"
"<othercit>Robert et al., Pembrolizumab versus Ipilimumab in Advanced Melanoma, the New England Journal of Medicine, Jun. 25, 2015, pp. 2521-2532, 372.</othercit>","NPL","Study NPL"
"<othercit>Ryman, Josiah T., et al., Pharmacokinetics of Monoclonal Antibodies, CPT Pharmacometrics Syst. Pharmacol., vol. 6, pp. 576-588, 2017.</othercit>","NPL","Study NPL"
"<othercit>Sachs, Jeffrey R. et al., Optimal Dosing for Targeted Therapies in Oncology: Drug Development Cases Leading by Example, Clin Cancer Res, 22(6), 1318-1324, 2016.</othercit>","NPL","Study NPL"
"<othercit>Sharpe et al., The function of programmed cell death 1 and its ligands in regulating autoimmunity and infection, Nature Immunology, 2007, 239-245, 8.</othercit>","NPL","Study NPL"
"<othercit>Shimauchi et al., Augmented expression of programmed death-1 in both neoplastic and non-neoplastic CD4+ T-cells in adult T-cell leukemia/lymphoma, Int. J. Cancer, 2007, 2585-2590, 121.</othercit>","NPL","Study NPL"
"<othercit>Slamon et al., Use of chemotherapy plus a monoclonal antibody against HER2 for metastatic breast cancer that overexpresses HER2, New England J. Med., 2001, pp. 783-792, 344.</othercit>","NPL","Study NPL"
"<othercit>Taube, et al., Colocalization of inflammatory response with B7-H1 expression in humna melanocytic lesions supports an adaptive resistance mechanism of ummune escape, Sci Transl Med, 2012, pp. 127ra37, vol. 4.</othercit>","NPL","Study NPL"
"<othercit>Thompson et al., Costimulatory B7-H1 in renal cell carcinoma patients: Indicator of tumor aggressiveness and potential therapeutic target, Proc. Nat'l Acad. Sci. USA, 2004, 17174-17179, 101(49).</othercit>","NPL","Study NPL"
"<othercit>Thompson et al., PD-1 Is Expressed by Tumor-Infiltrating Immune Cells and Is Associated with Poor Outcome for Patients with Renal Cell Carcinoma, Clinical Cancer Research, 2007, pp. 1757-1761, vol. 15.</othercit>","NPL","Study NPL"
"<othercit>Thompson et al., Significance of B7-H1 Overexpression in Kidney Cancer, Cancer, 2006, 206-211, 5.</othercit>","NPL","Study NPL"
"<othercit>Thompson et al., Tumor B7-H1 Is Associated with Poor Prognosis in Renal Cell Carcinoma Patients with Long-Term Follow-up, Cancer Res., 2006, pp. 3381-3385, vol. 66.</othercit>","NPL","Study NPL"
"<othercit>Topalian et al., Safety, Activity, and Immune Correlates of Anti-PD-1 Antibody in Cancer, New Eng. J. Med., 2012, 2443-2454, 366(26).</othercit>","NPL","Study NPL"
"<othercit>Topalian et al., Survival, Durable Tumor Remission, and Long-Term Safety in Patients With Advanced Melanoma Receiving Nivolumab, Clinical Journal of Oncology, 2014, pp. 1020-1030, vol. 32, No. 10.</othercit>","NPL","Study NPL"
"<othercit>Tosi, Diego, et al., Clinical Development Strategies and Outcomes in First-in-Human Trials of Monoclonal Antibodies, American Society of Clinical Oncology, vol. 33, pp. 2158-2165, 2015.</othercit>","NPL","Study NPL"
"<othercit>Truong, Phu et al., Metastatic Hepatocellular Carcinoma Responsive to Pembrolizumab, Cureus, 8(6): e631, 1-3, 2016.</othercit>","NPL","Study NPL"
"<othercit>Upton, RN et al., Basic Concepts in Population Modeling, Simulation, and Model-Based Drug Development: Part 3-Introduction to Pharmacodynamic Modeling Methods, CPT Pharmacometrics Syst. Pharmacol., 3(e88), 1-16, 2014.</othercit>","NPL","Study NPL"
"<othercit>US Dept of Health &amp; Human Services Food &amp; Drug Admin, Guidance for Industry-Exposure-Response Relationships-Study Design, Data Analysis, and Regulatory, US Dept of Health &amp; Human Services Food &amp; Drug Admin, N/A, 1-28, 2003.</othercit>","NPL","Study NPL"
"<othercit>Vugmeyster, Yulia et al., Biodistribution of [125I]-Labeled Therapeutic Proteins: Application in Protein Drug Development Beyond Oncology, J Pharm Sci, 99(2), 1028-1045, 2010.</othercit>","NPL","Study NPL"
"<othercit>Walker, Scott et al., Dosing and Timing of Immuno-Oncology Drugs, CADTH Technology Review: Optimal Use 360 Report, 2019, 1-50, 25.</othercit>","NPL","Study NPL"
"<othercit>Wang, Diane D. et al., Fixed Dosing Versus Body Size-Based Dosing of Monoclonal Antibodies in Adult Clinical Trials, Journal of Clinical Pharmacology, 49, 1012-1024, 2009.</othercit>","NPL","Study NPL"
"<othercit>Wang, W. et al., Monoclonal Antibody Pharmacokinetics and Pharmacodynamics, Nature, 84(5), 548-558, 2008.</othercit>","NPL","Study NPL"
"<othercit>Weber, Wolfgang A., Assessing Tumor Response to Therapy, Journal of Nuclear Medicine, 2009, 1S-10S, 50.</othercit>","NPL","Study NPL"
"<othercit>WHO Drug Information, vol. 27, No. 2, pp. 161-162 (2013).</othercit>","NPL","Study NPL"
"<othercit>Wolchok et al., Nivolumab plus Ipilimumab in Advanced Melanoma, the New England Journal of Medicine, 2013, pp. 122-133, vol. 369(2).</othercit>","NPL","Study NPL"
"<othercit>Wong, et al, Dose-limiting toxicity and maximum tolerated dose: still fit for purpose?, thelancet. com, vol. 16, pp. 1287-1288, Oct. 2015.</othercit>","NPL","Study NPL"
"<othercit>Yang et al., PD-L1: PD-1 Interaction Contributes to the Functional Suppression of T-Cell Responses to Human Uveal Melanoma Cells In Vitro, Invest Ophthalmol Vis Sci, 2008, 2518-2525, 49(6).</othercit>","NPL","Study NPL"
"<othercit>Zhao et al., A Model-Based Exposure-Response (E-R) Assessment of a Nivolumab (NIVO) 4-Weekly (Q4W), AACR, 2017.</othercit>","NPL","Study NPL"
"<othercit>Zhao, X. et al., Abstract CT101: A model-based exposure-response (E-R) assessment of a nivolumab (NIVO) 4-weekly (Q4W) dosing schedule across multiple tumor types, AACR, 2017, 1-4, N/A.</othercit>","NPL","Study NPL"
"<othercit>Zhu, Hui et al., Tumor Pretargeting for Radioimmunodetection and Radioimmunotherapy, J Nucl Med, 39, 65-76, 1998.</othercit>","NPL","Study NPL"
"<othercit>Zinzani, Pier Luigi et al., Safety and tolerability of pembrolizumab in patients with relapsed/refractory primary mediastinal large B-cell lymphoma, Blood, 130(3), 267-270, 2017.</othercit>","NPL","Study NPL"
"Ott, Patrick A. et al., Safety and Antitumor Activity of Pembrolizumab in Advanced Programmed Death Ligand 1-Positive Endometrial Cancer: Results From the Keynote-028 Study, J Clin Oncol, 2017, 2535-2541, 35(22).","NPL","Study NPL"
"Peletier, Lambertus A. et al., Dynamics of target-mediated drug disposition: characteristic profiles and parameter identification, J Pharmacokinet Pharmacodyn, 39, 429-451, 2012.","NPL","Study NPL"
"Pembrolizumab (Rx). Medscape. Sep. 18, 2017. found on Aug. 30, 2022, URL: https://web.archive.org/web/20170918010806/http://reference.medscape.com/drug/keytruda-pembrolizumab-999962 (5 pages).","NPL","Study NPL"
"Putnam, Wendy S. et al., Pharmacokinetic, pharmacodynamic and immunogenicity comparability assessment strategies for monoclonal antibodies, Trends in Biotechnology, 28(10), 509-516, 2010.","NPL","Study NPL"
"Ribas, Antoni et al., Association of Pembrolizumab With Tumor Response and Survival Among Patients With Advanced Melanoma, JAMA, 315(15), 1600-1609, 2016.","NPL","Study NPL"
"Ribas, Antoni et al., Pembrolizumab versus investigator-choice chemotherapy for ipilimumab-refractory melanoma (Keynote-002): a randomised, controlled, phase 2 trial, Lancet Oncol, 16, 908-918, 2015.","NPL","Study NPL"
"Rippe, B. et al., Fluid and protein fluxes across small and large pores in the microvasculature. Application of two-pore equations, Acta Physiol Scand, 131, 411-428, 1987.","NPL","Study NPL"
"Robert et al., Anti-programmed-death-receptor-1 treatment with pembrolizumab in ipilimumab-refractory advanced melanoma: a randomised dose-comparison cohort of a phase 1 trial, the Lancet, 2014, pp. 1109-1117, vol. 384.","NPL","Study NPL"
"Robert et al., Nivolumab in Previously Untreated Melanoma without BRAF Mutation, the New England Journal of Medicine, 2015, pp. 320-330, vol. 372, No. 4.","NPL","Study NPL"
"Robert et al., Pembrolizumab versus Ipilimumab in Advanced Melanoma, the New England Journal of Medicine, Jun. 25, 2015, pp. 2521-2532, 372.","NPL","Study NPL"
"Ryman, Josiah T., et al., Pharmacokinetics of Monoclonal Antibodies, CPT Pharmacometrics Syst. Pharmacol., vol. 6, pp. 576-588, 2017.","NPL","Study NPL"
"Sachs, Jeffrey R. et al., Optimal Dosing for Targeted Therapies in Oncology: Drug Development Cases Leading by Example, Clin Cancer Res, 22(6), 1318-1324, 2016.","NPL","Study NPL"
"Sharpe et al., The function of programmed cell death 1 and its ligands in regulating autoimmunity and infection, Nature Immunology, 2007, 239-245, 8.","NPL","Study NPL"
"Shimauchi et al., Augmented expression of programmed death-1 in both neoplastic and non-neoplastic CD4+ T-cells in adult T-cell leukemia/lymphoma, Int. J. Cancer, 2007, 2585-2590, 121.","NPL","Study NPL"
"Slamon et al., Use of chemotherapy plus a monoclonal antibody against HER2 for metastatic breast cancer that overexpresses HER2, New England J. Med., 2001, pp. 783-792, 344.","NPL","Study NPL"
"Taube, et al., Colocalization of inflammatory response with B7-H1 expression in humna melanocytic lesions supports an adaptive resistance mechanism of ummune escape, Sci Transl Med, 2012, pp. 127ra37, vol. 4.","NPL","Study NPL"
"Thompson et al., Costimulatory B7-H1 in renal cell carcinoma patients: Indicator of tumor aggressiveness and potential therapeutic target, Proc. Nat'l Acad. Sci. USA, 2004, 17174-17179, 101(49).","NPL","Study NPL"
"Thompson et al., PD-1 Is Expressed by Tumor-Infiltrating Immune Cells and Is Associated with Poor Outcome for Patients with Renal Cell Carcinoma, Clinical Cancer Research, 2007, pp. 1757-1761, vol. 15.","NPL","Study NPL"
"Thompson et al., Significance of B7-H1 Overexpression in Kidney Cancer, Cancer, 2006, 206-211, 5.","NPL","Study NPL"
"Thompson et al., Tumor B7-H1 Is Associated with Poor Prognosis in Renal Cell Carcinoma Patients with Long-Term Follow-up, Cancer Res., 2006, pp. 3381-3385, vol. 66.","NPL","Study NPL"
"Topalian et al., Safety, Activity, and Immune Correlates of Anti-PD-1 Antibody in Cancer, New Eng. J. Med., 2012, 2443-2454, 366(26).","NPL","Study NPL"
"Topalian et al., Survival, Durable Tumor Remission, and Long-Term Safety in Patients With Advanced Melanoma Receiving Nivolumab, Clinical Journal of Oncology, 2014, pp. 1020-1030, vol. 32, No. 10.","NPL","Study NPL"
"Tosi, Diego, et al., Clinical Development Strategies and Outcomes in First-in-Human Trials of Monoclonal Antibodies, American Society of Clinical Oncology, vol. 33, pp. 2158-2165, 2015.","NPL","Study NPL"
"Truong, Phu et al., Metastatic Hepatocellular Carcinoma Responsive to Pembrolizumab, Cureus, 8(6): e631, 1-3, 2016.","NPL","Study NPL"
"Upton, RN et al., Basic Concepts in Population Modeling, Simulation, and Model-Based Drug Development: Part 3-Introduction to Pharmacodynamic Modeling Methods, CPT Pharmacometrics Syst. Pharmacol., 3(e88), 1-16, 2014.","NPL","Study NPL"
"US Dept of Health & Human Services Food & Drug Admin, Guidance for Industry-Exposure-Response Relationships-Study Design, Data Analysis, and Regulatory, US Dept of Health & Human Services Food & Drug Admin, N/A, 1-28, 2003.","NPL","Study NPL"
"Vugmeyster, Yulia et al., Biodistribution of [125I]-Labeled Therapeutic Proteins: Application in Protein Drug Development Beyond Oncology, J Pharm Sci, 99(2), 1028-1045, 2010.","NPL","Study NPL"
"Walker, Scott et al., Dosing and Timing of Immuno-Oncology Drugs, CADTH Technology Review: Optimal Use 360 Report, 2019, 1-50, 25.","NPL","Study NPL"
"Wang, Diane D. et al., Fixed Dosing Versus Body Size-Based Dosing of Monoclonal Antibodies in Adult Clinical Trials, Journal of Clinical Pharmacology, 49, 1012-1024, 2009.","NPL","Study NPL"
"Wang, W. et al., Monoclonal Antibody Pharmacokinetics and Pharmacodynamics, Nature, 84(5), 548-558, 2008.","NPL","Study NPL"
"Weber, Wolfgang A., Assessing Tumor Response to Therapy, Journal of Nuclear Medicine, 2009, 1S-10S, 50.","NPL","Study NPL"
"WHO Drug Information, vol. 27, No. 2, pp. 161-162 (2013).","NPL","Study NPL"
"Wolchok et al., Nivolumab plus Ipilimumab in Advanced Melanoma, the New England Journal of Medicine, 2013, pp. 122-133, vol. 369(2).","NPL","Study NPL"
"Wong, et al, Dose-limiting toxicity and maximum tolerated dose: still fit for purpose?, thelancet. com, vol. 16, pp. 1287-1288, Oct. 2015.","NPL","Study NPL"
"Yang et al., PD-L1: PD-1 Interaction Contributes to the Functional Suppression of T-Cell Responses to Human Uveal Melanoma Cells In Vitro, Invest Ophthalmol Vis Sci, 2008, 2518-2525, 49(6).","NPL","Study NPL"
"Zhao et al., A Model-Based Exposure-Response (E-R) Assessment of a Nivolumab (NIVO) 4-Weekly (Q4W), AACR, 2017.","NPL","Study NPL"
"Zhao, X. et al., Abstract CT101: A model-based exposure-response (E-R) assessment of a nivolumab (NIVO) 4-weekly (Q4W) dosing schedule across multiple tumor types, AACR, 2017, 1-4, N/A.","NPL","Study NPL"
"Zhu, Hui et al., Tumor Pretargeting for Radioimmunodetection and Radioimmunotherapy, J Nucl Med, 39, 65-76, 1998.","NPL","Study NPL"
"Zinzani, Pier Luigi et al., Safety and tolerability of pembrolizumab in patients with relapsed/refractory primary mediastinal large B-cell lymphoma, Blood, 130(3), 267-270, 2017.","NPL","Study NPL"
